{
  "project_info": {
    "project_number": "246214990928",
    "firebase_url": "https://fir-exercise-15a93.firebaseio.com",
    "project_id": "fir-exercise-15a93",
    "storage_bucket": "fir-exercise-15a93.appspot.com"
  },
  "client": [
    {
      "client_info": {
        "mobilesdk_app_id": "1:246214990928:android:180f3b3c6d6df744e60555",
        "android_client_info": {
          "package_name": "com.peinanweng.firebase"
        }
      },
      "oauth_client": [
        {
          "client_id": "246214990928-673rf4i7gqud627c82g97klq7a692okp.apps.googleusercontent.com",
          "client_type": 3
        }
      ],
      "api_key": [
        {
          "current_key": "AIzaSyDhg-u3LCkZExX3k2TfQCHQmEDS37uyG98"
        }
      ],
      "services": {
        "appinvite_service": {
          "other_platform_oauth_client": [
            {
              "client_id": "246214990928-673rf4i7gqud627c82g97klq7a692okp.apps.googleusercontent.com",
              "client_type": 3
            }
          ]
        }
      }
    }
  ],
  "configuration_version": "1"
}